Organization,Followed On
LinkedIn Guide to Creating,Mon Aug 24 10:59:06 UTC 2026
Qbit Force,Sat Jun 20 05:01:42 UTC 2026
SIA SOFTWARE INNOVATIONS PRIVATE LIMITED,Fri Jun 19 13:22:37 UTC 2026
The Good Shelf,Fri Jun 19 10:59:57 UTC 2026
Klyr Tech,Thu Jun 18 13:07:03 UTC 2026
Multibagg AI,Thu Jun 18 05:16:25 UTC 2026
Paytm,Tue Jun 16 16:57:48 UTC 2026
Sarvam,Tue Jun 16 13:59:13 UTC 2026
Athreix,Sat Jun 13 13:36:42 UTC 2026
GeeksforGeeks,Sat Jan 31 14:11:11 UTC 2026
AWS Student Builder Group SUIIT,Mon Nov 10 18:03:21 UTC 2025
ISRO - Indian Space Research Organization,Thu Oct 23 07:11:35 UTC 2025
ISRO,Thu Oct 23 07:10:19 UTC 2025
NPTEL,Thu Oct 23 07:07:54 UTC 2025
Research and Development Organisation,Thu Oct 23 07:07:48 UTC 2025
National Aluminium Company Limited - NALCO,Wed Oct 22 22:30:41 UTC 2025
"Nalco Water, An Ecolab Company",Wed Oct 22 22:25:27 UTC 2025
NTPC Limited,Wed Oct 22 22:18:41 UTC 2025
Tata Steel,Wed Oct 22 22:12:06 UTC 2025
Tata Group,Wed Oct 22 22:11:29 UTC 2025
JUSPAY,Tue Sep 30 18:59:28 UTC 2025
Deloitte,Mon Sep 29 07:13:01 UTC 2025
Zoho,Mon Sep 29 07:10:51 UTC 2025
Atlassian,Wed Oct 01 19:20:02 UTC 2025
Mahanadi Coalfields Ltd,Thu Sep 11 20:25:37 UTC 2025
Power Grid Corporation of India Limited,Sun Aug 31 16:03:40 UTC 2025
Adobe,Sat Aug 30 13:15:10 UTC 2025
Turtlemint,Fri Aug 29 14:29:49 UTC 2025
BlackRock,Thu Aug 28 14:18:07 UTC 2025
Unilever,Sat Aug 23 08:23:24 UTC 2025
UnifyApps,Mon Aug 04 18:59:31 UTC 2025
Coding Ninjas 10X Club,Sun Aug 03 21:33:32 UTC 2025
"E-Cell, SUIIT",Mon Jul 21 07:48:45 UTC 2025
GitHub,Sun Jul 20 12:35:27 UTC 2025
Myntra,Tue Jul 15 10:23:38 UTC 2025
WebDrave,Sat Mar 29 04:48:01 UTC 2025
Cravsy,Tue Feb 11 15:34:11 UTC 2025
Sambalpur University,Fri Feb 07 17:32:51 UTC 2025
Literary Society VSSUT  (Team ViSSion),Fri Feb 07 17:09:59 UTC 2025
"Indian Institute of Technology, Bombay",Wed Feb 05 17:29:56 UTC 2025
Kukbit SL Pvt. Ltd.,Tue Feb 04 09:26:03 UTC 2025
Choice,Tue Jan 14 18:35:55 UTC 2025
Rise Commerce - RiseCore Technologies Private Limited,Tue Jan 14 18:34:08 UTC 2025
Zidio Development,Tue Jan 14 18:02:13 UTC 2025
Government Of India,Sat Dec 21 12:31:21 UTC 2024
Government of India Official,Sat Dec 21 12:28:57 UTC 2024
Instagram,Tue Dec 17 06:28:12 UTC 2024
HyperInt,Sun Nov 24 12:01:48 UTC 2024
Web Design,Sat Nov 16 14:24:36 UTC 2024
"Lucid Technologies, Inc",Thu Nov 07 20:08:16 UTC 2024
Problem Solving,Mon Oct 14 06:48:29 UTC 2024
Web Development,Mon Oct 14 06:48:15 UTC 2024
Content Development,Mon Oct 14 06:46:59 UTC 2024
Presentation Skills,Sun Oct 06 12:39:02 UTC 2024
Communication,Sun Oct 06 12:38:40 UTC 2024
Youtube Channel,Thu Oct 03 07:48:41 UTC 2024
Social Media,Thu Oct 03 07:43:16 UTC 2024
Social Influence,Thu Oct 03 07:42:26 UTC 2024
Teamwork,Thu Oct 03 07:42:05 UTC 2024
"Google Developer Groups On Campus, SUIIT",Tue Oct 01 09:41:41 UTC 2024
Leadership,Sat Sep 21 09:11:00 UTC 2024
DBMS,Sat Sep 21 09:10:43 UTC 2024
HTML,Sat Sep 21 09:09:13 UTC 2024
Saraswati Vidhya Mandir,Sat Sep 21 09:04:32 UTC 2024
Sambalpur University Institute of Information Technology,Mon Jun 03 06:18:58 UTC 2024