Date/Time,Media Description,Media Link
"You uploaded a feed photo on August 24, 2026 at 1:07 PM (GMT)","Sometimes, you don?t realize how much you?ve built until you pause and look back.

While going through my GitHub profile, I came across this contribution graph, and honestly, it overwhelmed me.
Behind those little green squares are countless sleepless nights, tightly packed days, unfinished tasks, broken builds, frustrating bugs, last-minute fixes, and moments when I had every reason to stop?but still chose to code.
There were days when time was barely enough, yet somehow I kept finding a way to create, build, experiment, break things, fix them, and solve problems.
Looking at it now feels different. It?s not just a graph. It feels like a visual reminder of a year filled with effort, consistency, curiosity, and an obsession with building.
And honestly, that feeling is overwhelming. ??
Still building. Still learning. Still coding. 


#GitHub #Coding #DeveloperJourney #Consistency #BuildInPublic #Programming",https://media.licdn.com/dms/image/v2/D4D22AQFHOpao7h6eVw/feedshare-shrink_160/B4DaAz4g.JJ8Ak-/0/1787576849455?e=1788998400&v=beta&t=tJKRfTZ3Jx-iJswE9wLnC_fQANq6siBYY31oKKkaDfw
"You uploaded a photo on August 24, 2026 at 12:56 PM (GMT)", -,https://media.licdn.com/dms/image/v2/D4D2DAQHGwuRInhcnMQ/profile-treasury-image-shrink_1920_1920/B4DaAz2CSNJgAc-/0/1787576198518?e=1788202800&v=beta&t=eZtwt0zMUounLJgDwTtcSwQVezQR0zfXxbQZZ-UBD-E
"You uploaded a feed photo on August 24, 2026 at 10:59 AM (GMT)","First Prize at SharkTank 4.0!

Thrilled to share that my team won 1st Prize at SharkTank 4.0, organized by E-Cell, SUIIT in collaboration with E-Cell, IIT Bombay.

I pitched WAPAS, our startup idea, presenting its MVP stage, business model, and revenue model.

Grateful to have shared this journey with my amazing teammates Debashish Pradhan and Bibhuprasad Samal. 

A great experience of pitching, learning, and building.

#SharkTank #WAPAS #Startup #Entrepreneurship #ECellSUIIT #IITBombay",
"You uploaded a feed photo on August 24, 2026 at 10:58 AM (GMT)", -,https://media.licdn.com/dms/image/v2/D4D22AQHM13Ye_DVV1w/feedshare-shrink_1280/B4DaAzbHLUKIAM-/0/1787569140852?e=1788998400&v=beta&t=dM4L79xJ0iaLNSqqdaptjVDcow_6hRW7dPgGjxY8Pko
"You uploaded a feed photo on August 24, 2026 at 10:58 AM (GMT)", -,https://media.licdn.com/dms/image/v2/D4D22AQHHCRpALE-feA/feedshare-shrink_480/B4DaAzbHpaJoAg-/0/1787569142978?e=1788998400&v=beta&t=41ltj2DwJ6OMNT9bt0j91FbX0zWjr4X5hkCRUCjbECY
"You uploaded a feed photo on August 24, 2026 at 10:58 AM (GMT)", -,https://media.licdn.com/dms/image/v2/D4D22AQGzLwrMDZC2Bg/feedshare-image-high-res/B4DaAzbHsTIQAU-/0/1787569142990?e=1788998400&v=beta&t=NKjTDOMeDw7qyC8szTJKLTB1TqqrBtk0KD8TQjECvT8
"You uploaded a feed photo on August 24, 2026 at 10:58 AM (GMT)", -,https://media.licdn.com/dms/image/v2/D4D22AQEeWn47WrxElw/feedshare-shrink_800/B4DaAzbG89KIAk-/0/1787569139915?e=1788998400&v=beta&t=IwfY7-PHyMFZss0FyPFHL-p-LJYXCRcWcLJpUO52uB0
"You uploaded a feed photo on July 8, 2026 at 11:05 AM (GMT)","After coming back from my college Algorithm exam today, I didn't feel like solving another DSA problem.
Instead, I wanted to understand something that powers real distributed systems.
So I picked up a concept from System Design: Distributed Locking.
Interestingly, many subjects I'm studying started connecting together.
While reading Cache Memory in Computer Organization & Architecture, I explored how Redis stores data in memory and why it's so fast.
While studying Deadlocks in Operating Systems, I understood why distributed systems need lock expiration (TTL) to prevent resources from being blocked forever.
While learning about atomic operations, I implemented Redis' SET NX PX command and used a Lua script for safe lock release.
Instead of only reading about the concept, I built it from scratch.

What I implemented :-
Redis-based Distributed Lock
Atomic lock acquisition using SET NX PX
UUID-based lock ownership
Automatic lock expiration (TTL)
Safe lock release using Lua scripting
Docker-based Redis setup
Detailed documentation with architecture diagrams

Building it helped me understand why distributed locking exists, not just how it works.
One thing I've started enjoying is connecting concepts across subjects.
Reading about cache in COA and applying it through Redis.
Reading about deadlocks in Operating Systems and seeing the same problem solved in System Design.
Those moments make me feel like I'm gradually thinking more like an engineer than someone who is only solving interview questions.

Repository:
 https://lnkd.in/dCCNMjS3

I'm planning to continue exploring one system design concept at a time and implementing each from scratch.
Feedback and suggestions are always welcome.

#SystemDesign #Redis #Python #DistributedSystems #BackendEngineering #Docker #Lua #ComputerScience #LearningInPublic #SoftwareEngineering #EngineeringJourney",
"You uploaded a feed photo on July 8, 2026 at 11:05 AM (GMT)", -,https://media.licdn.com/dms/image/v2/D4D22AQET5MDGlEOaCg/feedshare-shrink_800/B4DZ9BZ.PAGYAg-/0/1783508755858?e=1788998400&v=beta&t=fdwxxyn4_-Ex_h3qe-Z-RIiA9UfjptnsiUIqXpIND5c
"You uploaded a feed photo on July 8, 2026 at 11:05 AM (GMT)", -,https://media.licdn.com/dms/image/v2/D4D22AQEm31ft2-Xy0g/feedshare-shrink_480/B4DZ9BZ.caHEAg-/0/1783508756525?e=1788998400&v=beta&t=NhAKxLCUXg8-T3wWeCbs3jDAVFxyZ1RGyC2o7L9RkCY
"You uploaded a feed photo on July 5, 2026 at 11:24 AM (GMT)","Excited to receive these amazing swags from the AWS Student Builder Community.

I sincerely thank AWS for this thoughtful recognition and for fostering such an inspiring community of learners and builders.

Since joining, I've had the privilege of serving as the President of the AWS Student Builder Group SUIIT. This journey has been filled with learning, leadership, collaboration, and opportunities to help build a stronger cloud community on campus.

A heartfelt thank you to the AWS Student Builder Program and everyone who has supported our community at SUIIT. Looking forward to continuing this journey, organizing more impactful initiatives, and inspiring more students to explore the world of cloud computing.

#AWS #AWSStudentBuilders #CloudComputing #Leadership #SUIIT #TechCommunity #Learning #StudentLeadership #Grateful",
"You uploaded a feed photo on July 5, 2026 at 11:24 AM (GMT)", -,https://media.licdn.com/dms/image/v2/D4D22AQE-X4AEkoayuw/feedshare-shrink_480/B4DZ8yBa94IEAg-/0/1783250661515?e=1788998400&v=beta&t=3jv4R6ujC510Wctsf9YB22gJKYhL0aB2ppIrp0qe1DE
"You uploaded a feed photo on July 5, 2026 at 11:24 AM (GMT)", -,https://media.licdn.com/dms/image/v2/D4D22AQFTAUdlgBcorQ/feedshare-shrink_480/B4DZ8yBbmeJwAg-/0/1783250664614?e=1788998400&v=beta&t=g4kdon7zqJvIHJrqUgI7Wnqo7hcAAoDuTNB1vZtnbns
"You uploaded a feed photo on June 30, 2026 at 9:54 AM (GMT)","Honoured and grateful to share that I was awarded First Prize in the Elocution Competition organized by Mahanadi Coalfields Ltd, Sambalpur, as part of Swachhta Pakhwada 2026.

Receiving this recognition from Shri Uday A. Kaole, Chairman-cum-Managing Director, was a truly memorable moment and one that I will always cherish.

Over the years, I have been fortunate to receive several awards in debate and elocution competitions. However, this experience was different. Beyond the competition itself, I had the opportunity to visit MCL and witness firsthand the professionalism, discipline, and well-organized work culture that drive such a large public sector organization.

What impressed me the most was the commitment of the entire organization towards cleanliness, sustainability, and the vision of Swachhta. Seeing these values being practiced at such a large scale was both inspiring and motivating.

This achievement is not just another trophy for me?it represents a meaningful milestone in my professional journey. It has strengthened my confidence, broadened my perspective, and encouraged me to continue improving my communication skills while contributing positively to society.

I sincerely thank Mahanadi Coalfields Ltd (MCL) for providing this wonderful platform and extending such warm hospitality. My heartfelt gratitude also goes to the organizers, judges, mentors, and everyone who has supported and encouraged me throughout my journey.

Looking forward to many more opportunities to learn, grow, and make a meaningful impact.

#MCL #MahanadiCoalfieldsLimited #SwachhtaPakhwada2026 #Elocution #FirstPrize #PublicSpeaking #CommunicationSkills #ProfessionalGrowth #Leadership #Learning #Achievement #Gratitude",
"You uploaded a feed photo on June 30, 2026 at 9:54 AM (GMT)", -,https://media.licdn.com/dms/image/v2/D4D22AQFfZTdYgzUNdQ/feedshare-shrink_480/B4DZ8X8zfXGYAk-/0/1782813243624?e=1788998400&v=beta&t=dBKU7djqpgVzB82y3pwr3VMfalM-VEKXvpAD3lwrghw
"You uploaded a feed photo on June 30, 2026 at 9:54 AM (GMT)", -,https://media.licdn.com/dms/image/v2/D4D22AQE_fiBnTHid1g/feedshare-shrink_160/B4DZ8X8zkFGYAk-/0/1782813243919?e=1788998400&v=beta&t=FthN_hRRhPZz3Pri5B496FjOgQF-MWhquJ7atMiF3gc
"You uploaded a feed photo on June 21, 2026 at 4:52 PM (GMT)","There are many moments when being a developer simply makes me happy.

During the last 2?3 days of my holidays, I was just sitting casually without any specific plans when a random idea popped into my mind:
""Can I evaluate my hand muscle flex using only a webcam and AI?""

What started as a random thought quickly became a fun side project.
I explored a few open-source models, read through their implementations, went through documentation, searched for answers, asked a few important questions on Stack Overflow, experimented with different approaches, and gradually built an AI-powered Hand Muscle Evaluator.

The project uses computer vision techniques for pose estimation and visual analysis to evaluate flex quality and provide a score with fun reactions.
A few things I always enjoy about building projects are:
? Starting with nothing but an idea.
? Reading other people's code and learning from it.
? Getting stuck and finding solutions.
? Turning curiosity into something that actually works.

Sometimes the most enjoyable projects are not the ones we plan, but the ones that begin with a random thought and a few hours of curiosity.
This project reminded me once again that building things is genuinely fun.

Repository:
https://lnkd.in/dcb9Y-44


#Python #ComputerVision #AI #MachineLearning #OpenCV #YOLOv8 #PyTorch #DeepLearning #GitHub #Developer #BuildInPublic #SideProject #100DaysOfCode",
"You uploaded a feed photo on June 21, 2026 at 4:52 PM (GMT)", -,https://media.licdn.com/dms/image/v2/D4D22AQFJ49AG7Pmpag/feedshare-shrink_480/B4DZ7rGSDJJ4Ak-/0/1782060753344?e=1788998400&v=beta&t=9MCx0aw2PosJhfuD1BOUiPabKnUqC_LD_n4BIBTAn1w
"You uploaded a feed photo on June 21, 2026 at 4:52 PM (GMT)", -,https://media.licdn.com/dms/image/v2/D4D22AQFkM-fQOCq2Yg/feedshare-shrink_480/B4DZ7rGSFCGkAg-/0/1782060753683?e=1788998400&v=beta&t=fX0UgmsTzcl-sCxalAi4g4OjWq7MNUpe-lPSm1KxqBE
"You uploaded a feed photo on June 21, 2026 at 4:52 PM (GMT)", -,https://media.licdn.com/dms/image/v2/D4D22AQEDEsevN8cMaQ/feedshare-shrink_20/B4DZ7rGR.pH0AI-/0/1782060753089?e=1788998400&v=beta&t=2ZcPXk0BSYtDG69UUKlqo7xQ04KY4SGeH_iAXgdCuo8
"You uploaded a feed photo on June 21, 2026 at 4:52 PM (GMT)", -,https://media.licdn.com/dms/image/v2/D4D22AQEZQHqicMP39g/feedshare-shrink_480/B4DZ7rGSA_I8Ag-/0/1782060753234?e=1788998400&v=beta&t=uoPnakxfKL6i6P6IoXFkoLavoxJDEQ9kSWrE8D9b9bA
"You uploaded a feed photo on June 21, 2026 at 4:52 PM (GMT)", -,https://media.licdn.com/dms/image/v2/D4D22AQFJ0M8Fbok9Ng/feedshare-shrink_480/B4DZ7rGQkLIsAg-/0/1782060747287?e=1788998400&v=beta&t=oQPEQ7Ve29dy-WCJZC3mx_wrbWZt7-UtXX2XP0_lUjw
"You uploaded a profile photo on June 17, 2026 at 5:32 PM (GMT)", -,https://media.licdn.com/dms/image/v2/D4D04AQGnPhVk7zzN1Q/profile-originalphoto-shrink_900_1200/B4DZ7WpHqII4AI-/0/1781717564538?e=1788998400&v=beta&t=wZkXEqPZ9JSaX0HMpIzGSsYgItLjFtbHrEjQ17R7CI4
"You uploaded a photo on June 17, 2026 at 5:32 PM (GMT)", -,https://media.licdn.com/dms/image/v2/D4D03AQFy8z4lLmE-fw/profile-displayphoto-scale_200_200/B4DZ7WpHrTGkAc-/0/1781717566177?e=1788998400&v=beta&t=H5i7RdW2mqRf09-nX1GRrD1_J9fLRFgO33AukSFCcvU
"You uploaded a photo on June 17, 2026 at 5:28 PM (GMT)", -,https://media.licdn.com/dms/image/v2/D4D03AQGp5gKjhRFl5A/profile-displayphoto-scale_100_100/B4DZ7WoE0CKYAY-/0/1781717292251?e=1788998400&v=beta&t=WvL3y6wPZ0v8l-X_vKVaEUVna8OkQtypI261LVYsISQ
"You uploaded a profile photo on June 17, 2026 at 5:28 PM (GMT)", -,https://media.licdn.com/dms/image/v2/D4D04AQEepE2w74dmKQ/profile-originalphoto-shrink_900_1200/B4DZ7WoEvaHQAI-/0/1781717290289?e=1788998400&v=beta&t=cR0SsvRlAo8XVDIdbJhJlFGGuGF8W2fOyHM4-Q5ySDk
"You uploaded a feed photo on May 15, 2026 at 10:54 AM (GMT)","In my explorations of Outlier Detection in Machine Learning, I discovered this great graphic comparison by scikit-learn. It really helped me change my view on this topic completely.

One thing I have realized in this process is the importance of visualization in Machine Learning. This type of graph analysis really helps to turn abstract mathematical ideas into something more practical and tangible. It also showed me the ways in which each algorithm interprets one and the same dataset differently.

What I liked most in this is that outliers are not just some ""bad"" or ""random"" points in data. They are defined depending on the structure and density of the particular dataset analyzed, which is why there are so many algorithms used for this purpose.

Moreover, I have learned that graphic visualization plays a big role in studying complex concepts in Machine Learning and Artificial Intelligence. It brings the harmony between theoretical knowledge and intuitive interpretation.

I would say that this experience was a big motivation to dive deeper into studying outlier detection techniques and applying them in various Machine Learning projects.

Thank you to scikit-learn for creating such useful materials!

#MachineLearning #DataScience #OutlierDetection #ScikitLearn #AI #LearningInPublic #DataVisualization",
"You uploaded a feed photo on May 15, 2026 at 10:54 AM (GMT)", -,https://media.licdn.com/dms/image/v2/D5622AQHxtFS7J94FaQ/feedshare-shrink_800/B56Z4rRmxjJIAc-/0/1778842496330?e=1788998400&v=beta&t=9HeBPLNL_SB8u2X5eyeZoap_hwEqp9t1SWlHpPkEWXM
"You uploaded a feed photo on May 15, 2026 at 10:54 AM (GMT)", -,https://media.licdn.com/dms/image/v2/D5622AQE_JFc4BE0uFQ/feedshare-shrink_160/B56Z4rRmrCKwAo-/0/1778842495911?e=1788998400&v=beta&t=3BJGhZa6Y6fp5VQOE1l-avtuRrz4xDP1ItmxtWhrfx0
"You uploaded a feed photo on May 15, 2026 at 10:54 AM (GMT)", -,https://media.licdn.com/dms/image/v2/D5622AQEgepPsQQKR9w/feedshare-shrink_480/B56Z4rRm50K0Ak-/0/1778842496851?e=1788998400&v=beta&t=rQNU4t-ocJETNQ2F4LRySse4AIrvkfPAyxUNoOfWpVA
"You uploaded a photo on April 27, 2026 at 11:36 PM (GMT)", -,https://media.licdn.com/dms/image/v2/D562DAQHg6dJzN5iFsw/profile-treasury-image-shrink_8192_8192/B56Z3RTZhmJ0Ag-/0/1777333018659?e=1788202800&v=beta&t=1qblfaPFAYvjz53rl9cWoNCuTuMPJRyoxjdo7Wy8wFg
"You uploaded a feed photo on February 6, 2026 at 11:39 AM (GMT)","//When open source becomes your best teacher 
Recently, while contributing to the Apache Maven Compiler Plugin, I faced something crazy ? a workflow failure that I couldn?t fix for two straight days.
Everything looked perfect? until I found the real culprit:
 a tiny mistake in object reference ? I was calling a method from the wrong configuration object (Options instead of CompilerConfiguration).
Just one wrong object, and the whole build collapsed. 
It reminded me how fundamental OOP concepts like encapsulation and object responsibility aren?t just textbook ideas ? they?re what keep real-world systems running.
This experience also showed me that open source is the best classroom.
 You don?t just learn code ? you learn reviews, collaboration, debugging, and how big systems actually work under the hood.
If you?re learning software development, dive into open source.
 It?ll challenge you, frustrate you, but ultimately teach you everything about tech.
#OpenSource #Java #Maven #LearningByDoing #OOP #SoftwareEngineering",https://media.licdn.com/dms/image/v2/D5622AQHu4VpZG1xp_g/feedshare-shrink_800/B56ZwywB1.H0Ag-/0/1770377977743?e=1788998400&v=beta&t=4oBP0mtAuADbr_Od_ozdR6roucCxJTtGSYi5sopYPaE
"You uploaded a video on January 18, 2026 at 8:37 AM (GMT)", -,https://dms.licdn.com/playlist/vid/dynamic/D5605AQF2a8YWy3Dubw/CeJxzMjWLKgsMjCw29Qx09NXVcYLxTTwDXQzQ-CZofAskPki_qy4AkGgWrQ?e=1788202800&v=beta&t=kEuorg6aPx6oJuKnfFRZLJg1rCNhI0e4BtAp8XzS484
"You uploaded a feed photo on December 22, 2025 at 3:04 PM (GMT)","At the beginning of January 2025, I had almost nothing in my tech stack.
 Just HTML, CSS, and JavaScript ? that?s all I knew.
I still remember how it felt scrolling through GitHub, seeing all those open-source repositories and contributors, wondering how people manage to work on such big projects. I didn?t know where to start, or even what ?contribution? really meant. But I decided to learn ? one step at a time.
Fast forward to the end of this year, and honestly, it?s been an unbelievable journey.
 From learning new tech stacks to actually applying them in real projects, 2025 taught me more than any course or tutorial ever could.
Now I can proudly say I?ve worked with technologies like Spring Boot, Next.js, TypeScript, React, Node.js, Python, Docker, Kubernetes, AWS, Redis, CI/CD, github Actions, shell and many more. But more than that ? I learned how to understand systems, how to read someone else?s code, how to discuss ideas, and how to solve problems together.
I contributed to a lot of prestigious organizations like
Apache, Jenkins, OSGeo, OpenStreetMap, Sugar Labs, LibreOffice, Next.js, CloudStack, Pinot, ShardingSphere, NRNB, AsyncAPI
and many more.
Many pull requests raised, many reviewed, many merged.
 Many discussions, comments, tags, and issues.
 Many conversations that turned into learning moments.
Each interaction taught me something new ? not just about coding, but about communication, patience, and collaboration.
Being a part of these communities gave me a sense of belonging. Every small contribution I made, every feedback I got, pushed me to understand software on a deeper level ? not just how to write it, but how to build it with others.
To anyone who?s still figuring out where to begin ? try open-source.
 You?ll get real-world experience, you?ll learn from amazing developers, you?ll understand how big systems actually work, and most importantly, you?ll grow every single day.
2025 wasn?t just about code for me ? it was about growth, curiosity, and community.
 I?m still learning, still exploring, and still contributing.
 Because the best thing about open source is that the learning never ends.
#OpenSource #DeveloperJourney #YearInReview #LearningByDoing #GitHub #TechCommunity #SoftwareDevelopment #Contributions #ContinuousLearning #CodingJourney #2025Reflections #SpringBoot #NextJS #TypeScript #Apache #Jenkins #LibreOffice #OSGeo #OpenStreetMap",
"You uploaded a feed photo on December 22, 2025 at 3:04 PM (GMT)", -,https://media.licdn.com/dms/image/v2/D5622AQHXv0P5aUeT-Q/feedshare-shrink_160/B56ZtGl0NpIcAc-/0/1766415878288?e=1788998400&v=beta&t=vxEuZ7k6QQeHaokI_5920B8_N9dkcRC0j-eh1gPPY_w
"You uploaded a feed photo on December 22, 2025 at 3:04 PM (GMT)", -,https://media.licdn.com/dms/image/v2/D5622AQHy9R5foJlw-A/feedshare-image-high-res/B56ZtGl0NkJUAo-/0/1766415878647?e=1788998400&v=beta&t=xHYADku6gRQi0dY_vZABp1gnLYljOO4Oxh8Cfx3Yvs8
"You uploaded a photo on December 20, 2025 at 6:13 PM (GMT)", -,https://media.licdn.com/dms/image/v2/D562DAQFA9aSONiQ_CA/profile-treasury-image-shrink_8192_8192/B56Zs89zVeIEAk-/0/1766254394463?e=1788202800&v=beta&t=WarO8Lm6ytJhKB_w4rN9r8dH6He0pFumSHO6hF9xXPM
"You uploaded a photo on December 20, 2025 at 6:05 PM (GMT)", -,https://media.licdn.com/dms/image/v2/D562DAQFLq1Ybc2hKhA/profile-treasury-image-shrink_8192_8192/B56Zs88F8MJsAo-/0/1766253945750?e=1788202800&v=beta&t=Io6tZOSpyzSeOr9SnpxTrRxrV2GLn_OXbcRxuop4Vp8
"You uploaded a photo on December 20, 2025 at 6:05 PM (GMT)", -,https://media.licdn.com/dms/image/v2/D562DAQHUFH6pMe6ewA/profile-treasury-image-shrink_1920_1920/B56Zs88Dp3G4Ak-/0/1766253936812?e=1788202800&v=beta&t=NlRBReUrYFbeCacYtI89GOWWFD5NZHioPBdv1bVd5LU
"You uploaded a photo on December 20, 2025 at 6:05 PM (GMT)", -,https://media.licdn.com/dms/image/v2/D562DAQGRRE--t2cIKw/profile-treasury-image-shrink_1920_1920/B56Zs87_irKEAc-/0/1766253920579?e=1788202800&v=beta&t=eXQNEEgJkE2XNP6W578kSgcdTSLIAgahyFZvBD_8pqs
"You uploaded a photo on December 18, 2025 at 2:45 PM (GMT)", -,https://media.licdn.com/dms/image/v2/D562DAQGyDNgT8n0MNA/profile-treasury-image-shrink_480_480/B56Zsx6.ZoI0AM-/0/1766069102911?e=1788202800&v=beta&t=dvUA6Pwx8yakKPsQVmkketTHAm9S_NYo4pbxOkSVKvo
"You uploaded a photo on December 16, 2025 at 9:57 PM (GMT)", -,https://media.licdn.com/dms/image/v2/D562DAQEBu_mjGyEYpA/profile-treasury-image-shrink_8192_8192/B56ZspKxZ.KAAk-/0/1765922250643?e=1788202800&v=beta&t=0v7KIff63YXa7G9pv0-C_GlFlnHVopiF48Qvt_sOYWQ
"You uploaded a photo on November 26, 2025 at 2:24 PM (GMT)", -,https://media.licdn.com/dms/image/v2/D4D2DAQFntF8x6lpbfQ/profile-treasury-image-shrink_8192_8192/B4DZrAjZRIGgAk-/0/1764167096725?e=1788202800&v=beta&t=WSn2hpVQsEhyoT3T8AbfvKe1qedfiogOIrCTp9_Futo
"You uploaded a feed photo on October 30, 2025 at 6:38 PM (GMT)","Learning in Progress: 60/100 ? Docker Journey Update! ?
I?m thrilled to share that I?m currently 60% through my Docker learning journey, and it?s been an absolutely enchanting and rewarding experience so far
From understanding the core Docker commands, working with images and containers, setting up environments on Ubuntu, to exploring different libraries and integrations ? every step has been a fascinating deep dive into the world of containerization and modern DevOps practices.
What started as curiosity has turned into a genuine passion for how Docker simplifies deployment, improves scalability, and brings consistency across environments.
Can?t wait to reach 100 and apply these learnings in real-world projects!
#Docker #DevOps #LearningJourney #Containerization #Ubuntu #TechGrowth #macos #windows",https://media.licdn.com/dms/image/v2/D4D22AQGs__auw8avlQ/feedshare-shrink_480/B4DZo2aaqlJcAY-/0/1761849486972?e=1788998400&v=beta&t=IpatIZIu975kE22D4j8kKiFv0xKqkUqfNonJRhTjUZY
"You uploaded a photo on October 28, 2025 at 11:36 AM (GMT)", -,https://media.licdn.com/dms/image/v2/D4D2DAQFkwRTi-9m8Hw/profile-treasury-image-shrink_8192_8192/B4DZoqmrEzJcAg-/0/1761651374030?e=1788202800&v=beta&t=41BUuXI2B9umYhpJjkpV29hv-0bRcniBLzd3vk66V4o
"You uploaded a feed photo on October 25, 2025 at 8:07 PM (GMT)","Milestone Unlocked: 150 Problems Solved on LeetCode!
Today, I?m really happy to share that I?ve completed solving 150 problems on LeetCode! 
This journey has been more than just solving coding questions ? it?s been about consistency, patience, and continuous learning.
There were days when I felt completely stuck on a problem, and debugging felt endless ?. But there were also moments of pure joy when a hard problem finally turned ?Accepted ?? after hours of effort!
Through this process, I?ve learned to:
Think more analytically and break down complex problems.
Improve my coding efficiency and understanding of data structures & algorithms.
Strengthen my problem-solving mindset ? one question at a time.
I?m grateful for this progress and excited to keep pushing forward toward my next milestone. 
To everyone currently grinding through DSA ? keep going. Every small step counts, and every bug fixed is progress! 
#LeetCode #ProblemSolving #CodingJourney #SoftwareEngineering #DSA #Learning #KeepGrowing",https://media.licdn.com/dms/image/v2/D4D22AQGlHGHFHq1Slg/feedshare-shrink_800/B4DZoc.9GhHsAg-/0/1761422857443?e=1788998400&v=beta&t=MyfiGW3BWXpZgXELSwDQzsgZBdk45wBO_Oue_dmWEQM
"You uploaded a feed photo on October 21, 2025 at 8:18 AM (GMT)","Exciting Milestone!
I'm thrilled to share that our team DevX achieved the 2nd position at Hack4Impact, an amazing hackathon organized by E-Cell SUIIT! 

For this event, We developed ? a project named UNICORN, a complete management ecosystem designed to empower new and aspiring entrepreneurs to streamline their startup journey.

? Tech Stack Highlights:
?? React + Vite + TypeScript
? Node.js
? IndexedDB
? Machine Learning
? Deployed on Vercel

UNICORN aims to simplify startup management through intelligent tools, analytics, and automation ? making the entrepreneurial process smoother and more data-driven.

This journey taught me a lot about full-stack development, rapid prototyping, and solving real-world business challenges using technology.

A huge shoutout to E-Cell, SUIIT for organizing such an inspiring event and to my team DevX for their incredible support and collaboration! 

My teammates
Debashish Pradhan 
Bibhuprasad Samal 
Aditya Padhihari 
Preeti Rani Nayak 

#Hackathon #Innovation #Entrepreneurship #TechForGood #React #NodeJS #MachineLearning #Vercel #DevX #Hack4Impact #SUIIT
",
"You uploaded a feed photo on October 21, 2025 at 8:18 AM (GMT)", -,https://media.licdn.com/dms/image/v2/D4D22AQG_LpkQ_WX2lg/feedshare-shrink_1280/B4DZoF2QRrG8As-/0/1761034708715?e=1788998400&v=beta&t=1Rj38PSgrzOFCScXbUtTmWsCP40LyEKGUbtzR8p_QM8
"You uploaded a feed photo on October 21, 2025 at 8:18 AM (GMT)", -,https://media.licdn.com/dms/image/v2/D4D22AQE4EAfARhwohw/feedshare-shrink_20/B4DZoF2QRkHwA4-/0/1761034704548?e=1788998400&v=beta&t=QkqMUqdp7Epz-fyQsJPZBDLACr3ag2Oj_ORlX-vyzL4
"You uploaded a feed photo on October 21, 2025 at 8:18 AM (GMT)", -,https://media.licdn.com/dms/image/v2/D4D22AQHjZc5TwfDrBA/feedshare-shrink_480/B4DZoF2QRaGgAY-/0/1761034712209?e=1788998400&v=beta&t=PANktZlRF89Ea28Htf_zvzOF44ViYLK-U9CH3PytxS0
"You uploaded a photo on October 6, 2025 at 1:22 PM (GMT)", -,https://media.licdn.com/dms/image/v2/D4D2DAQHdzhrplo7mIQ/profile-treasury-image-shrink_1920_1920/B4DZm5r6nYGkAg-/0/1759756923503?e=1788202800&v=beta&t=rvqu25JvKBIyhvVXgPfQbp6hjZ7EMysMXE3DchaPOhg
"You uploaded a feed photo on October 5, 2025 at 5:48 PM (GMT)","Excited to share that I?ve earned my Java 4? badge on HackerRank! ?
This journey has been a great mix of problem-solving, late-night debugging, and continuous learning. Along the way, I?ve sharpened my skills in:
Writing clean, efficient Java code
Understanding core concepts like strings, collections, and algorithms
Building confidence in tackling coding challenges under constraints
Big thanks to the HackerRank community for keeping the challenges engaging and fun.
This is just one step forward ? I?m motivated to keep pushing, learning, and working towards mastery in Java and beyond. ??
#Java #ProblemSolving #HackerRank #LearningJourney #Coding",https://media.licdn.com/dms/image/v2/D4D22AQHYLCh34Q0ovA/feedshare-shrink_1280/B4DZm1fXQ9H0As-/0/1759686523655?e=1788998400&v=beta&t=1b_cQC3egz6Ib8LpQ8u5q7ua1H3Ei6ChXTIYKtlR1-g
"You uploaded a feed photo on October 5, 2025 at 8:28 AM (GMT)","Discovering GitHub Actions: My First Encounter
Recently, while exploring ways to automate workflows for my repositories, I came across GitHub Actions?and realized I had never actually used it before.
Scrolling through the official GitHub Actions documentation
, I was fascinated by the visual breakdown of workflows, jobs, and steps. The screenshot below caught my attention:

What I found particularly powerful:
Workflow triggers: You can automate tasks based on events like push, pull requests, scheduled times, or even manual triggers.
Jobs & Steps: Each workflow can have multiple jobs, and each job can have multiple steps?allowing granular control over CI/CD pipelines.
Runner flexibility: Jobs can run on different machines or environments, making it scalable and adaptable.
? Key takeaway: GitHub Actions turns routine tasks?like testing, deployment, and monitoring?into fully automated workflows, saving both time and effort.
I?m excited to start implementing it in my own repositories and create automation that I previously handled manually. It?s a great example of how exploring new tools can open doors to more efficient development practices.
If you?re a developer and haven?t tried GitHub Actions yet, I highly recommend giving it a shot. It?s beginner-friendly and has the potential to transform the way you manage your projects.",https://media.licdn.com/dms/image/v2/D4D22AQFqFm3FTKX1ZQ/feedshare-shrink_480/B4DZmzfOiQGkAY-/0/1759652934541?e=1788998400&v=beta&t=__QTTix55pHeRghGUqoJ7kqMMV5OxA6m7k_RzTdip_8
"You uploaded a feed photo on September 26, 2025 at 11:25 AM (GMT)","Thrilled to Share 
I?m excited to announce that our team has successfully cleared the internal round of the Smart India Hackathon and has been nominated for the next stage! 
This journey wouldn?t have been possible without the hard work, creativity, and collaboration of my amazing teammates:

Debashish Pradhan
Bibhuprasad Samal
A S Aditya Sahu
Aditya Padhihari
Preeti Rani Nayak

The Smart India Hackathon is a platform that pushes us to think beyond limits, solve real-world challenges, and bring impactful innovation to life. Moving forward, we?re motivated to push our solution further and compete at a larger scale. 

A big thank you to our mentors, peers, and everyone who supported us along the way. 

Excited for what?s next ? let?s innovate, collaborate, and make a difference! 

#SmartIndiaHackathon #Innovation #Teamwork #ProblemSolving #NextStep
",
"You uploaded a feed photo on September 26, 2025 at 11:25 AM (GMT)", -,https://media.licdn.com/dms/image/v2/D4D22AQHUpIJOizIZDA/feedshare-shrink_20/B4DZmFxSjKHYA0-/0/1758885929415?e=1788998400&v=beta&t=dp_b6LQf0-SS7MC_nHLf6pHDjRhKS3ydYxTi-vnx93k
"You uploaded a feed photo on September 26, 2025 at 11:25 AM (GMT)", -,https://media.licdn.com/dms/image/v2/D4D22AQGYyJOr7Y8wDw/feedshare-shrink_800/B4DZmFxShxJIAg-/0/1758885932367?e=1788998400&v=beta&t=l7_PhkIQgmdCTljrkvtUSqlSV5hQFB0geCH1yQwqE0w
"You uploaded a feed photo on September 26, 2025 at 11:25 AM (GMT)", -,https://media.licdn.com/dms/image/v2/D4D22AQGEtJ18p6Aiyw/feedshare-image-high-res/B4DZmFxShtIcAo-/0/1758885923442?e=1788998400&v=beta&t=8S1LUWpGmmDJ-72ws2t9Vy6FkwSrr08TXpccRh3cdek
"You uploaded a feed photo on September 26, 2025 at 11:25 AM (GMT)", -,https://media.licdn.com/dms/image/v2/D4D22AQGIXkNLBW16AQ/feedshare-shrink_160/B4DZmFxSgTJUAc-/0/1758885932470?e=1788998400&v=beta&t=ff0QyfpZOTODsMoPfOGyDGIzwuzQ5yW7qC1NN4mTECw
"You uploaded a photo on September 26, 2025 at 11:20 AM (GMT)", -,https://media.licdn.com/dms/image/v2/D4D2DAQEn8faVtbgvqQ/profile-treasury-image-shrink_8192_8192/B4DZmFwHdRIEAg-/0/1758885610212?e=1788202800&v=beta&t=Xsja6IuRYOD0dBKMcSdb66HC1BAek_0qxsHG8KATNFw
"You uploaded a feed photo on September 15, 2025 at 5:51 AM (GMT)","Grateful & Honored 

I am delighted to share that I won the Zone-level Debate Competition organized by Sambad newspaper, where 39 students from 9 districts (Western Odisha) participated. This achievement has further given me the opportunity to represent my zone at the State-level competition.

The moment became even more special as I received prizes from eminent personalities like:
 Shri Bibhuti Pattnaik ? Renowned Novelist & Columnist
Prof. Shyam Sundar Pattnaik ? Vice Chancellor, Odisha State Open University & DD University
Chief Officer, Sambad (Western Odisha)

The experience was truly enriching ? not only for the recognition, but also for the chance to connect with respected academicians, retired professors, and thought leaders.

Seeing my picture and news featured in today?s Sambad has made the journey even more memorable.
This milestone has motivated me to keep learning, debating, and expressing ideas with clarity and confidence. Looking forward to the state-level round with great enthusiasm! 

#Debate #PublicSpeaking #Achievement #Gratitude #Odisha #Sambad",
"You uploaded a feed photo on September 15, 2025 at 5:51 AM (GMT)", -,https://media.licdn.com/dms/image/v2/D4D22AQEQqoGYqbk-PA/feedshare-shrink_1280/B4DZlL7V32H4As-/0/1757915477478?e=1788998400&v=beta&t=yqX7F0253kC17E8qYlCFjHjtRB9Ssp2A6cuIKzq5ljg
"You uploaded a feed photo on September 15, 2025 at 5:51 AM (GMT)", -,https://media.licdn.com/dms/image/v2/D4D22AQGYNanOX7HNJg/feedshare-shrink_1280/B4DZlL7V3IJUAw-/0/1757915474027?e=1788998400&v=beta&t=FCEeGySMEdo924XX1f0xApOpgnHucQ38R0dWX86otEE
"You uploaded a feed photo on September 15, 2025 at 5:51 AM (GMT)", -,https://media.licdn.com/dms/image/v2/D4D22AQH3hsN1aBvC3g/feedshare-shrink_1280/B4DZlL7V3GGgAs-/0/1757915482375?e=1788998400&v=beta&t=_r4_lQFAMijTnucr8Z9ADULhCzIWQNHklHRvOlRXnFU
"You uploaded a profile background photo on September 9, 2025 at 10:19 PM (GMT)", -,https://media.licdn.com/dms/image/v2/D4D04AQHhgwm-WWyA8A/profile-background-servable-original-image/B4DZkwj5WKHsAM-/0/1757456342363?e=1788998400&v=beta&t=omSYHCiXEvgqjk06Unm2XceIkuQa86FNpCWlnYYJzUA
"You uploaded a profile background photo on September 9, 2025 at 10:19 PM (GMT)", -,https://media.licdn.com/dms/image/v2/D4D16AQH1eHjgsh0ezA/profile-displaybackgroundimage-shrink_350_1400/B4DZkwj5V6JEAg-/0/1757456342160?e=1788998400&v=beta&t=LsmMVVaWWts7TH4xndPskomkS1XfXL-eEhp5k0ZX5Rs
"You uploaded a feed photo on September 6, 2025 at 8:37 PM (GMT)","Excited to share that I?ve earned my 50+ Days Badge on LeetCode! 

 This journey has been a true reminder that growth comes from consistency, not intensity. Every single day, solving just one problem built not only my coding skills but also discipline, patience, and the ability to break down complex challenges step by step.

If there?s one thing I?ve learned, it?s this: you don?t need to take giant leaps to move forward ? even small daily efforts compound into big achievements over time. For anyone starting their journey, focus on the process, not the pressure. The progress will surprise you. 

#LeetCode #ProblemSolving #CodingJourney #Consistency #GrowthMindset #SoftwareEngineering #NeverStopLearning",
"You uploaded a feed photo on September 6, 2025 at 8:37 PM (GMT)", -,https://media.licdn.com/dms/image/v2/D4D22AQFz-NWXkiJQyA/feedshare-shrink_160/B4DZkgv.2oG8Ac-/0/1757191074378?e=1788998400&v=beta&t=1ldHcyw7kWBLo31sKKc9t15uETiNBiHwi2ScsNhdziU
"You uploaded a feed photo on September 6, 2025 at 8:37 PM (GMT)", -,https://media.licdn.com/dms/image/v2/D4D22AQFCPd7wG6kIEg/feedshare-shrink_480/B4DZkgv.2eJAAY-/0/1757191073878?e=1788998400&v=beta&t=PqbPcuo5xfMmOgVqBRN_xJiX-j5QP2WmexXSpXLC4E0
"You uploaded a photo on September 6, 2025 at 8:36 PM (GMT)", -,https://media.licdn.com/dms/image/v2/D4D2DAQGN9S0XuC6egQ/profile-treasury-image-shrink_1920_1920/B4DZkgvluLJMAc-/0/1757190971613?e=1788202800&v=beta&t=ejks3Vr-1acEmLt9mS6oHgIQzyVNGjdnHqcUyrpP0fg
"You uploaded a photo on September 6, 2025 at 2:40 PM (GMT)", -,https://media.licdn.com/dms/image/v2/D4D2DAQEEkweGFW_tmA/profile-treasury-image-shrink_8192_8192/B4DZkfeMQgJAAk-/0/1757169633957?e=1788202800&v=beta&t=tlMDuu3Eb6lqrWR12piw8nbS3EPYjPixgUTXSG5oCOc
"You uploaded a feed photo on September 5, 2025 at 7:49 PM (GMT)","100 problems solved on LeetCode. ? 

When I first started this journey, I was honestly afraid of writing code. I thought it would be too difficult, and every new problem felt overwhelming.
But along the way, I realized that solving a question isn?t the most important part. What truly matters is learning how to:

(1) recognize patterns in problems,
(2) build an approach step by step,
(3) make assumptions and test them,
(4) refine the solution into something optimal.

This milestone is not just about the number. For me, it?s proof that consistency can turn fear into confidence, and confusion into clarity.
If you?re just starting out: don?t chase the solution, chase the process. The answers will follow.

#LeetCode #ProblemSolving #LearningJourney #Consistency #Coding",https://media.licdn.com/dms/image/v2/D4D22AQFGpBlqULP16g/feedshare-shrink_480/B4DZkbbNxzGsAc-/0/1757101743956?e=1788998400&v=beta&t=rPVxXGex4TW2rTppBJqH8-nwb-a5Ng2y-VNb-4mL8d8
"You uploaded a feed photo on August 21, 2025 at 3:05 PM (GMT)","? Excited to share my personal portfolio website!
I've built it entirely using HTML, CSS, and JavaScript, featuring:
 ? Home, Bio, Education, Experience, Skills, Projects, Achievements, Contact
 ? Interactive 3D animations and an attractive, modern design to make the browsing experience engaging
This project allowed me to showcase my skills, experience, and creativity in one place. It?s fully responsive and highlights my work and achievements dynamically.
Check it out here: https://lnkd.in/gRnMM5xN
 Would love to hear your thoughts and feedback! ?
#Portfolio #WebDevelopment #FrontendDeveloper #HTML #CSS #JavaScript #3DAnimation #PersonalWebsite #Projects",
"You uploaded a feed photo on August 21, 2025 at 3:04 PM (GMT)", -,https://media.licdn.com/dms/image/v2/D5622AQFiHZE_Z5IWzQ/feedshare-shrink_1280/B56ZjNKSIzHMA0-/0/1755788691490?e=1788998400&v=beta&t=Wi2gZhQMtFz-XE8HMaDqG3l0CZgcOP2CGmGjGCvoCRE
"You uploaded a feed photo on August 21, 2025 at 3:04 PM (GMT)", -,https://media.licdn.com/dms/image/v2/D5622AQG0YlaRoQZtBw/feedshare-shrink_1280/B56ZjNKSFgHMAw-/0/1755788707402?e=1788998400&v=beta&t=DsEAl8banLHNRC-Dw-7JdfZ1TnPdERz7J-KlPfmAUOo
"You uploaded a feed photo on August 21, 2025 at 3:04 PM (GMT)", -,https://media.licdn.com/dms/image/v2/D5622AQEin7AIcveYHQ/feedshare-shrink_20/B56ZjNKSEoHcA4-/0/1755788694924?e=1788998400&v=beta&t=6ai_erbogaIP-i4kcDhvbltkM5LsbXbiT12qDpwLEpY
"You uploaded a photo on August 21, 2025 at 3:02 PM (GMT)", -,https://media.licdn.com/dms/image/v2/D562DAQGoz11-ihIntg/profile-treasury-image-shrink_8192_8192/B56ZjNJ1dpHQAw-/0/1755788578079?e=1788202800&v=beta&t=LzRkWHLN8kKN33QqV6VEKttuQ7WBX4n_2RI3pjgXONg
"You uploaded a photo on August 21, 2025 at 3:02 PM (GMT)", -,https://media.licdn.com/dms/image/v2/D562DAQECp-vpfJD2Jg/profile-treasury-image-shrink_8192_8192/B56ZjNJssLG4A4-/0/1755788532299?e=1788202800&v=beta&t=Nc_ZpRbFfcsxytfLrpMSD6WqZ2p_7tHTaEPtnMymbnY
"You uploaded a photo on August 21, 2025 at 3:01 PM (GMT)", -,https://media.licdn.com/dms/image/v2/D562DAQGxjRTYSUxUKw/profile-treasury-image-shrink_1920_1920/B56ZjNJmmZHUAg-/0/1755788510651?e=1788202800&v=beta&t=Uy9ppeZrwRpdukccZNQrZyckB7mGMP6r3GEMis4PiRU
"You uploaded a photo on August 21, 2025 at 3:01 PM (GMT)", -,https://media.licdn.com/dms/image/v2/D562DAQFxpqM3mDFNVQ/profile-treasury-image-shrink_8192_8192/B56ZjNJeGxHcAk-/0/1755788486968?e=1788202800&v=beta&t=XvaoJcYfC-JYkYtmGVJFV09f9xi-PQGqHn9QLD62FK0
"You uploaded a photo on August 21, 2025 at 2:57 PM (GMT)", -,https://media.licdn.com/dms/image/v2/D562DAQE7oVZioq4PBA/profile-treasury-image-shrink_8192_8192/B56ZjNIlIAHQAs-/0/1755788248461?e=1788202800&v=beta&t=xx6kVkgoQ12IyMP0jhJJYJ9X9GW5-gis34wCcuAEd0I
"You uploaded a feed photo on August 21, 2025 at 12:10 PM (GMT)","The only platform makes me happy. 
I?m excited to share that I?ve now solved 68 problems on LeetCode, spanning Easy, Medium, and Hard categories, with an acceptance rate of 93.7% ?
This journey has been all about:
Strengthening problem-solving and data structures & algorithms skills ?
Building consistency (37 active days, max streak 12 ?)
Preparing for coding interviews and sharpening logical thinking
Every problem solved adds to my growth as a developer, and I?m looking forward to hitting the 100 problems milestone soon ?
If you?re also preparing with LeetCode, let?s connect and share our learning journeys! ?
#LeetCode #ProblemSolving #DSA #CodingInterview #ContinuousLearning",
"You uploaded a feed photo on August 21, 2025 at 12:10 PM (GMT)", -,https://media.licdn.com/dms/image/v2/D4D22AQEnGExRe0G16w/feedshare-shrink_1280/B4DZjMieuKH0Aw-/0/1755778249241?e=1788998400&v=beta&t=2LWf2xoyPvDJKJQnszc_jdRAA-T0Mvr3ppPUwobjPMM
"You uploaded a feed photo on August 21, 2025 at 12:10 PM (GMT)", -,https://media.licdn.com/dms/image/v2/D4D22AQFWoXobmXr6AQ/feedshare-shrink_160/B4DZjMieuAHYAk-/0/1755778248765?e=1788998400&v=beta&t=jstTb9XimILQ86MS5D6efOS8V4muLNQQtFu5Aomyf8I
"You uploaded a photo on April 7, 2025 at 8:01 PM (GMT)", -,https://media.licdn.com/dms/image/v2/D4D2DAQG9FCxy-dTb9g/profile-treasury-image-shrink_1920_1920/B4DZYR2D.vGwAc-/0/1744056108186?e=1788202800&v=beta&t=dXC_HamNNR_Z59_bMhj8fXiIK2WzJcNdugFDFWuTChc
"You uploaded a photo on April 7, 2025 at 8:01 PM (GMT)", -,https://media.licdn.com/dms/image/v2/D4D2DAQHPmnHx2l33dA/profile-treasury-image-shrink_8192_8192/B4DZYR19LiHwAo-/0/1744056080961?e=1788202800&v=beta&t=AczEi9-UOjSgAotLP9M1OMKoEkmvW8WqgpG78i2hdgI
"You uploaded a photo on April 7, 2025 at 8:01 PM (GMT)", -,https://media.licdn.com/dms/image/v2/D4D2DAQHut6sNI0VVlA/profile-treasury-image-shrink_1920_1920/B4DZYR15XrHsAc-/0/1744056064188?e=1788202800&v=beta&t=pjp2UstdA4TIKq9P1HShxUHWKXa5PxWYLOnlB8j8oAY
"You uploaded a feed photo on March 6, 2025 at 7:01 PM (GMT)","? Exciting News! ?
I'm thrilled to share that my pull request has been successfully merged into [kathiravelulab/L4SBOA]! ? Contributing to open-source projects is always a rewarding experience, and this merge is another step forward in my journey as a developer.
A huge thank you to the maintainers and reviewers for their guidance and support. Looking forward to contributing more and learning along the way! ?
#OpenSource #GitHub #PullRequest #SoftwareDevelopment #Learning #Coding",https://media.licdn.com/dms/image/v2/D4D22AQEW9Xy4zofeow/feedshare-shrink_800/B4DZVs1VmjHAAg-/0/1741287677078?e=1788998400&v=beta&t=VbEVWl3aGmxZAGu4ODT9prlLdOK_r-oazyUBGMhE_gQ
"You uploaded a feed photo on March 1, 2025 at 7:44 PM (GMT)","Thanks For merging my PR....and also thanks for giving greetings........
#github
#zkoudi
#PR",https://media.licdn.com/dms/image/v2/D4D22AQFSW-pMSUFscg/feedshare-shrink_480/B4DZVTPK0pGcAY-/0/1740858241028?e=1788998400&v=beta&t=RGUKO7zDyGx-UJB42lbcWSJwPgzhdGsmVrM26_QNU1E
"You uploaded a feed photo on February 25, 2025 at 4:12 PM (GMT)","? Thrilled to Share My Latest Open-Source Contributions! ?
Super excited to announce that my recent pull requests have been successfully merged into two renowned open-source projects backed by industry giants! ?
? 1?? Apache Pulsar by The Apache Software Foundation
? Fixed a crucial issue where incorrect configuration keys weren't triggering RuntimeException in Pulsar 3.0.7. This fix ensures better error handling and improved system reliability!
? https://lnkd.in/gpRRvguM
? 2?? Drools DRL Parser by Red Hat
? Enhanced the parser rules to ensure that packagedef and unitdef follow the correct order according to DRL syntax standards, streamlining rule processing and boosting efficiency!
?https://lnkd.in/gpRRvguM
Contributing to projects under The Apache Software Foundation and Red Hat has been an incredible learning journey?pushing boundaries, solving real-world issues, and collaborating with brilliant minds from around the world. ??
Excited for more challenges and opportunities ahead! ?
#OpenSource #GitHub #JavaDeveloper #ApachePulsar #RedHat #CodingJourney #TechInnovation #SoftwareDevelopment",
"You uploaded a feed photo on February 25, 2025 at 4:11 PM (GMT)", -,https://media.licdn.com/dms/image/v2/D5622AQETiTqKetzIxQ/feedshare-shrink_1280/B56ZU94PoFGQAw-/0/1740499910493?e=1788998400&v=beta&t=PaBS6KsKcKklG2I0G1u9Q0p6hBmNKrAOSLxa0CLbgSA
"You uploaded a feed photo on February 25, 2025 at 4:11 PM (GMT)", -,https://media.licdn.com/dms/image/v2/D5622AQGe8T1n5_pTyQ/feedshare-shrink_20/B56ZU94PniHEA4-/0/1740499910635?e=1788998400&v=beta&t=MpmreMZLxfdb3ZeD8N6ppCNULGNT7vqP9bzD-URspLw
"You uploaded a feed photo on February 25, 2025 at 4:11 PM (GMT)", -,https://media.licdn.com/dms/image/v2/D5622AQExes5wh9kxLw/feedshare-shrink_1280/B56ZU94PnSHsAk-/0/1740499910866?e=1788998400&v=beta&t=7d_Glga7d4XnY9NzqOAUn7e9XOaAarKRQjokr0CmjqI
"You uploaded a photo on February 19, 2025 at 8:30 PM (GMT)", -,https://media.licdn.com/dms/image/v2/D4D2DAQEHR6IC6sZ5JQ/profile-treasury-image-shrink_1920_1920/B4DZUf57OrHAAg-/0/1739997034095?e=1788202800&v=beta&t=nUhHkxbHDszTggBwj-ZJRKLNSkPkhpNBSLo9kSnox3g
"You uploaded a photo on February 19, 2025 at 8:28 PM (GMT)", -,https://media.licdn.com/dms/image/v2/D4D2DAQEFEpzrZhnvUw/profile-treasury-image-shrink_1920_1920/B4DZUf5btIHkAc-/0/1739996905288?e=1788202800&v=beta&t=pCD09GYCBgymODyF5NSqps39B8AOoJOTI2PdzZnhLjM
"You uploaded a photo on February 19, 2025 at 8:28 PM (GMT)", -,https://media.licdn.com/dms/image/v2/D4D2DAQFeqhJe9Kfouw/profile-treasury-image-shrink_1920_1920/B4DZUf5YpJGkBs-/0/1739996893406?e=1788202800&v=beta&t=-WDBnPkwQEFQB2QAn5NtRYCJuEK-JYIXJ1XjQGZeTSg
"You uploaded a photo on February 19, 2025 at 8:27 PM (GMT)", -,https://media.licdn.com/dms/image/v2/D4D2DAQE-bG8e0X8Mgw/profile-treasury-image-shrink_8192_8192/B4DZUf5VqBGkAk-/0/1739996880305?e=1788202800&v=beta&t=TYfY_Iy_CsXnOWV42tgASmuUioz06wAlky0Dv4T_nP0
"You uploaded a photo on February 19, 2025 at 8:27 PM (GMT)", -,https://media.licdn.com/dms/image/v2/D4D2DAQHiQ7Srxj7Dtg/profile-treasury-image-shrink_1920_1920/B4DZUf5OGFGcAc-/0/1739996849356?e=1788202800&v=beta&t=ebf2UmqIsQMUf2KQeu-43C5aIW6f31v3gjLSwgmHxCo
"You uploaded a feed photo on January 30, 2025 at 7:07 AM (GMT)","Exciting News! ?

I'm thrilled to share that I have received an offer to join Bluestock Fintech as a Software Development Engineer (SDE) Intern! ?

This opportunity marks another step in my journey of exploring innovative solutions in fintech, and I'm eager to contribute my skills while learning from an amazing team.

A huge thanks to everyone who has supported me along the way! Looking forward to this new experience and the challenges ahead.

#SoftwareDevelopment #Fintech #Internship #Learning #Growth #Excited
",https://media.licdn.com/dms/image/v2/D4D22AQFVaGZBbgJK-A/feedshare-shrink_800/B4DZS2CZI7HIAg-/0/1738220870202?e=1788998400&v=beta&t=dvdxDqYKFc1goJTrO-WD8lRj9pVIH05KpGulh6KRufQ
"You uploaded a feed photo on January 14, 2025 at 9:16 PM (GMT)","? Thrilled to Start My New Journey! ?

I am excited to share that I have joined Zidio Development Pvt Ltd as a Web Development Intern! ?

This opportunity marks a significant step in my journey to enhance my skills, contribute to innovative projects, and learn from some amazing professionals.

A heartfelt thank you to everyone who has supported and guided me along the way. Looking forward to a fantastic learning experience and impactful contributions in the web development domain.

#WebDevelopment #Internship #Learning #Gratitude #NewBeginnings

",https://media.licdn.com/dms/image/v2/D4D22AQF04nt4PF11lg/feedshare-shrink_160/B4DZRmrLnrHYAo-/0/1736889385273?e=1788998400&v=beta&t=14QRFEW9pgywj7OZoPhF2xFeUQkkhQ546LFsVBzWOgA
"You uploaded a photo on January 14, 2025 at 6:05 PM (GMT)", -,https://media.licdn.com/dms/image/v2/D4D2DAQFdGt83u9NaUg/profile-treasury-image-shrink_8192_8192/profile-treasury-image-shrink_8192_8192/0/1736877930034?e=1788202800&v=beta&t=_FqZjtAUH3XVXBv8hPEqsewhJOwENaO3pFrpiSkl5tw
"You uploaded a photo on January 14, 2025 at 5:59 PM (GMT)", -,https://media.licdn.com/dms/image/v2/D4D2DAQE-sGr8HMpSjQ/profile-treasury-image-shrink_8192_8192/profile-treasury-image-shrink_8192_8192/0/1736877570314?e=1788202800&v=beta&t=wgpAyKmOOiU4fKKtPGth1W6Odi4_u0gXwxagyr1yApY
"You uploaded a photo on December 21, 2024 at 12:28 PM (GMT)", -,https://media.licdn.com/dms/image/v2/D4D2DAQFMzwalFqSVeQ/profile-treasury-image-shrink_8192_8192/profile-treasury-image-shrink_8192_8192/0/1734784134120?e=1788202800&v=beta&t=6TyAd8n7aBazMW6fbXkxYYVwiTP48jfF0kuAJbiNEKc
"You uploaded a photo on December 21, 2024 at 12:22 PM (GMT)", -,https://media.licdn.com/dms/image/v2/D4D2DAQEh7N9pEokXuA/profile-treasury-image-shrink_8192_8192/profile-treasury-image-shrink_8192_8192/0/1734783772037?e=1788202800&v=beta&t=2OO4aJ7B-aGzM8ZK7Zv29SRReCW68KIGO-671jmPGkI
"You uploaded a feed photo on December 15, 2024 at 8:47 AM (GMT)","""? First College Presentation at SUIIT: A Milestone of Leadership and Teamwork! ?

Proud to share a glimpse of our first presentation at SUIIT, where I had the privilege to lead an incredible team as the Team Leader. From ideation to execution, every step was a lesson in collaboration, strategy, and communication.

? Achieved Best Leader & Best Representative! ?
Grateful for my team's hard work and synergy that made this possible. This experience has fueled my passion for leadership, public speaking, and teamwork.

Here?s to many more such milestones ahead! ?
#Leadership #Teamwork #Presentation #Growth #SUIIT""

",
"You uploaded a feed photo on December 15, 2024 at 8:47 AM (GMT)", -,https://media.licdn.com/dms/image/v2/D4D22AQEaiFo9GtWTgQ/feedshare-shrink_800/B4DZPJf9vvHQAg-/0/1734252424992?e=1788998400&v=beta&t=oLnS1Kz-H5ior0OQfoWWao-5q1inOoWjNUBwuvr8Sns
"You uploaded a feed photo on December 15, 2024 at 8:47 AM (GMT)", -,https://media.licdn.com/dms/image/v2/D4D22AQHr3fBhwNROKg/feedshare-shrink_160/B4DZPJf9vYGgAc-/0/1734252427021?e=1788998400&v=beta&t=lKE_Mz8JkrVsFTJdwGHssDxE6QPYYDXX2BPG2KM_DMk
"You uploaded a feed photo on December 15, 2024 at 8:46 AM (GMT)", -,https://media.licdn.com/dms/image/v2/D4D22AQEe6KGEgWH5LA/feedshare-shrink_480/B4DZPJf9urG0AY-/0/1734252423893?e=1788998400&v=beta&t=uXjjwKHhAmPRJtQVTu4V6ue_B_M7HCGESXuCFoxSwK8
"You uploaded a feed photo on December 15, 2024 at 8:46 AM (GMT)", -,https://media.licdn.com/dms/image/v2/D4D22AQG83MCVC6aWSw/feedshare-image-high-res/B4DZPJf9tRHQA4-/0/1734252422289?e=1788998400&v=beta&t=E7wqA88lIrtFGjO1h1AuEGEO67at998N5i_SDpDpyiw
"You uploaded a feed photo on December 15, 2024 at 8:46 AM (GMT)", -,https://media.licdn.com/dms/image/v2/D4D22AQGbcLxWh08LGg/feedshare-shrink_480/B4DZPJf9tOGgAY-/0/1734252424850?e=1788998400&v=beta&t=xNRQNmoFAOJXdXoPCk0UeGwnIAXD1RIizLcUF16rsbA
"You uploaded a feed photo on December 15, 2024 at 8:46 AM (GMT)", -,https://media.licdn.com/dms/image/v2/D4D22AQFWuA1jIOa7Ng/feedshare-shrink_160/B4DZPJf9tFGoAc-/0/1734252424619?e=1788998400&v=beta&t=c0kPKH8iqCuD8dzZUUdVcfvSTGU51OTZMrBxCYxZO_o
"You uploaded a feed photo on November 9, 2024 at 5:22 PM (GMT)","? Incredible Experience at D? Fest 2024 at IIIT Bhubaneswar! ?

Thrilled to have attended the D? Fest at IIIT BBSR, an event brimming with innovation and culture! Had the chance to witness some remarkable hackathons, robo races, and several other inspiring activities. It was a fantastic platform for connecting with like-minded individuals and exchanging ideas.

Building connections, gaining insights, and experiencing the energy of innovation first-hand was truly motivating. Looking forward to applying some of these learnings in my own projects! ??

My Team Members......~
Lead cum Web developer - Manas Ranjan Dikshit(me)
'c' and Program developer - Abhash Dash
AI/ML developer - Anurag Purohit
System Developer - Ayush Dash
System Developer - Jayprakash Muduli and Aurobindo Bhuyan
UI/UX designer- Debi Prasad mahanta and Ankit Mohanty
Co-members- Rudra madhab and Manyush Aroshish


#D3Fest #IIITBBSR #Innovation #Networking #Learning

",
"You uploaded a feed photo on November 9, 2024 at 5:22 PM (GMT)", -,https://media.licdn.com/dms/image/v2/D4D22AQESr3i3DdQq5w/feedshare-shrink_800/feedshare-shrink_800/0/1731172937298?e=1788998400&v=beta&t=j6uuULxJzMBip35P8A1OPvXu-aGZvt1n8edwsZwEYrQ
"You uploaded a feed photo on November 9, 2024 at 5:22 PM (GMT)", -,https://media.licdn.com/dms/image/v2/D4D22AQHj_mpHvMmInQ/feedshare-shrink_800/feedshare-shrink_800/0/1731172942098?e=1788998400&v=beta&t=mmfHTPHjfKZX7bHCVy0lcAq8VfXQKedOkw1f9I7Cdh4
"You uploaded a feed photo on November 9, 2024 at 5:22 PM (GMT)", -,https://media.licdn.com/dms/image/v2/D4D22AQHz7Tq7hNaOLQ/feedshare-shrink_800/feedshare-shrink_800/0/1731172942530?e=1788998400&v=beta&t=zmxoFNu13vYQriF0UL1Ut2BRym3wjPBRziYUXlC2kBY
"You uploaded a feed photo on November 9, 2024 at 5:22 PM (GMT)", -,https://media.licdn.com/dms/image/v2/D4D22AQFcmgLW5gJZ5A/feedshare-shrink_800/feedshare-shrink_800/0/1731172937534?e=1788998400&v=beta&t=brdUfc2Ji-sT7CwVe516iRM34lh-g5-_jFtnQr6uc_Q
"You uploaded a photo on October 27, 2024 at 8:34 AM (GMT)", -,https://media.licdn.com/dms/image/v2/D4D2DAQGjNiAEQqBEmw/profile-treasury-image-shrink_8192_8192/profile-treasury-image-shrink_8192_8192/0/1730018082879?e=1788202800&v=beta&t=AUhXM4A8qZFgwPbuVFE0jTd0JWNpWbdJaihf5zpurJQ
"You uploaded a photo on October 25, 2024 at 8:32 PM (GMT)", -,https://media.licdn.com/dms/image/v2/D4D2DAQHeyY9iMeBnwg/profile-treasury-image-shrink_8192_8192/profile-treasury-image-shrink_8192_8192/0/1729888349585?e=1788202800&v=beta&t=KjhKIaDqtuaTi0rqIFy-9iN5TMapsXsEGyAo35kjfdY
"You uploaded a photo on October 25, 2024 at 8:30 PM (GMT)", -,https://media.licdn.com/dms/image/v2/D4D2DAQEsqmDQL25ozA/profile-treasury-image-shrink_8192_8192/profile-treasury-image-shrink_8192_8192/0/1729888261642?e=1788202800&v=beta&t=w4Z_HfU5VjMIX3IFUuOx32KzjNKvggGXdpXbqjgZI6g
"You uploaded a photo on October 25, 2024 at 8:29 PM (GMT)", -,https://media.licdn.com/dms/image/v2/D4D2DAQEvVEy89yltcA/profile-treasury-image-shrink_8192_8192/profile-treasury-image-shrink_8192_8192/0/1729888160113?e=1788202800&v=beta&t=n7-ww8YUULfu_QBwP8SoAsSCy4gWg-Lc7JR5lbC2WgA
"You uploaded a feed photo on October 23, 2024 at 4:10 PM (GMT)","? Excited to Share! ?

I've successfully completed the App Engine Badge on Google Cloud Skill Boost! ?

This journey has given me hands-on experience in building, deploying, and scaling applications on Google Cloud. I'm thrilled to apply these skills to real-world projects and continue expanding my knowledge in cloud computing.

Looking forward to exploring more on this path and sharing future achievements!

#GoogleCloud #AppEngine #CloudComputing #SkillBoost #LearningJourney #AapkaMRD
",https://media.licdn.com/dms/image/v2/D4D22AQG5TBKMk2q0Pw/feedshare-shrink_800/feedshare-shrink_800/0/1729699829872?e=1788998400&v=beta&t=mZ6FyHO5ZpRHNSgSOvTYMe033kandsVAkFcOwwuipNc
"You uploaded a photo on October 23, 2024 at 4:08 PM (GMT)", -,https://media.licdn.com/dms/image/v2/D4D2DAQGIjlfjl38w2Q/profile-treasury-image-shrink_8192_8192/profile-treasury-image-shrink_8192_8192/0/1729699724516?e=1788202800&v=beta&t=eCrk0IZRyudg_qvq5FLi6sYp5zeKdvF8RkrbgD_2Uts
"You uploaded a feed photo on October 22, 2024 at 9:02 AM (GMT)","? Achievement Unlocked! ?

I?m excited to share that I have successfully completed two badges on Cloud Skill Boost:
? Cloud Storage
? API Gateway

These certifications have helped me deepen my understanding of cloud architecture and improve my ability to implement scalable and efficient solutions.

A big thanks to Google Cloud for this learning opportunity! Looking forward to applying this knowledge in future projects and continuing my cloud journey. ???

#GoogleCloud #CloudSkills #CloudComputing #CloudStorage #APIGateway #TechJourney #LearningNeverStops
",
"You uploaded a feed photo on October 22, 2024 at 9:02 AM (GMT)", -,https://media.licdn.com/dms/image/v2/D4D22AQG02uL1Qiopfw/feedshare-shrink_800/feedshare-shrink_800/0/1729587763435?e=1788998400&v=beta&t=rydEnB8_s84IAH3wuq8jLhm_g4mnyCyZ3D2nqFPVOg0
"You uploaded a feed photo on October 22, 2024 at 9:02 AM (GMT)", -,https://media.licdn.com/dms/image/v2/D4D22AQE1FA5xCYMM0Q/feedshare-shrink_800/feedshare-shrink_800/0/1729587762821?e=1788998400&v=beta&t=HppxqfRcCrZl0BWd63o_czbW4W-Rq_Su-rSnG0rlg8I
"You uploaded a photo on October 22, 2024 at 8:59 AM (GMT)", -,https://media.licdn.com/dms/image/v2/D4D2DAQEOl4vWC4fG3A/profile-treasury-image-shrink_8192_8192/profile-treasury-image-shrink_8192_8192/0/1729587594769?e=1788202800&v=beta&t=jhoDuXCX4a80zovyIAB0eWAecSJAkQGYrPNU-pS_4WI
"You uploaded a photo on October 22, 2024 at 8:57 AM (GMT)", -,https://media.licdn.com/dms/image/v2/D4D2DAQFpJQkxtLiBNQ/profile-treasury-image-shrink_8192_8192/profile-treasury-image-shrink_8192_8192/0/1729587446638?e=1788202800&v=beta&t=mUH0FTg0AcMfvSZbI2G5tq_1i3Wa9waCFjp6wH-dBco
"You uploaded a photo on October 20, 2024 at 10:56 AM (GMT)", -,https://media.licdn.com/dms/image/v2/D4D2DAQH9_-A4zgenlg/profile-treasury-image-shrink_8192_8192/profile-treasury-image-shrink_8192_8192/0/1729421780462?e=1788202800&v=beta&t=84C-jE4R1qCW6xTKeIY0VohVjqVx57OgGmSAvmferMA
"You uploaded a feed photo on October 20, 2024 at 10:46 AM (GMT)","? Excited to share that I've completed the first badge in Google Cloud Computing! ??

Through this course, I?ve gained a solid foundation in cloud computing principles, including understanding cloud infrastructure, services, and deployment models. This is just the beginning of my journey to mastering cloud technologies, and I?m eager to apply these skills to future projects and challenges.

#GoogleCloud #CloudComputing #TechJourney #ContinuousLearning #BTechCSE #AapkaMRD",https://media.licdn.com/dms/image/v2/D4D22AQFBKObNsnTcBw/feedshare-shrink_800/feedshare-shrink_800/0/1729421200612?e=1788998400&v=beta&t=bwRFJhO-f301AyIJqGZGCJ4l0uuMOK07n8572P1Ofc4
"You uploaded a photo on September 28, 2024 at 4:27 PM (GMT)", -,https://media.licdn.com/dms/image/v2/D4D2DAQE8CXUJHf93Ww/profile-treasury-image-shrink_8192_8192/profile-treasury-image-shrink_8192_8192/0/1727540867905?e=1788202800&v=beta&t=uPVBARDyGtLa8IWSX7IPysCBA8GxNJWhu-RZxX_pc30
