Saved Date,Job Url,Job Title,Company Name
"6/13/26, 10:03 AM",http://www.linkedin.com/jobs/view/4427279726,Tech- Intern,Lane
"6/17/26, 2:12 AM",http://www.linkedin.com/jobs/view/4415290422,Software Engineer,Blackhawk Network India
"6/16/26, 7:02 AM",http://www.linkedin.com/jobs/view/4423555871,"Performance Engineer, On-Device Inference",Sarvam
"8/7/26, 2:21 PM",http://www.linkedin.com/jobs/view/4450075497,Ventilation Officer - Growth Projects,Vedanta Group
"6/16/26, 9:59 AM",http://www.linkedin.com/jobs/view/4429219694,TA Internship,Paytm
"11/9/24, 9:32 AM",http://www.linkedin.com/jobs/view/3904297060,UI/UX Developer,Blockly Technologies Private Limited
"6/16/26, 9:58 AM",http://www.linkedin.com/jobs/view/4427906895,Talent Acquisition Intern,Paytm
"6/10/26, 9:50 AM",http://www.linkedin.com/jobs/view/4418700662,AI Internship,FlyRank AI
"11/16/24, 6:24 AM",http://www.linkedin.com/jobs/view/4057264716,Front Web Developer,Weekday (YC W21)
"6/13/26, 10:00 AM",http://www.linkedin.com/jobs/view/4428351182,Python Developer Intern,WEBBOOST SOLUTION IT SERVICES
"6/13/26, 9:13 PM",http://www.linkedin.com/jobs/view/4416159817,Software Engineer Intern,Anakin (YC S21)
"11/16/24, 6:27 AM",http://www.linkedin.com/jobs/view/3972647740,,
"6/16/26, 2:15 AM",http://www.linkedin.com/jobs/view/4428021305,Software Developer Intern (Remote) | Software Engineering | Application Development | Programming,Infrabyte Consulting
"6/16/26, 6:59 AM",http://www.linkedin.com/jobs/view/4429543208,IT Lead,Sarvam
"6/19/26, 9:30 AM",http://www.linkedin.com/jobs/view/4430989267,Software Developer Intern (Remote) | Software Engineering | Application Development | Programming,Infrabyte Consulting
"6/13/26, 10:01 AM",http://www.linkedin.com/jobs/view/4420913543,SDE Intern - RL Environments (Freelancer),Deccan AI Experts
